{
    "per_class_iou": [
        0.9577477715360992,
        0.7262429153906765,
        0.8543654386562232,
        0.31689049246148365,
        0.3638950271313932,
        0.5216824383697134,
        0.4651980206041897,
        0.6697970429867567,
        0.888274202916372,
        0.5327978712115646,
        0.9083314690302844,
        0.7027598014745818,
        0.47338585532042066,
        0.8921051273429371,
        0.41116545702190593,
        0.5516698038893563,
        0.40965230920186024,
        0.4095064708517474,
        0.6626162273097183
    ],
    "mean_iou": 0.6167412496161727
}